Workbook

Sheet สรุป
A1: สรุปผลรวมตามสินค้า (อัตโนมัติ)
A2: ไม่ต้องกรอก — ดึงจากชีต 'สินค้า' และ 'บันทึก' ทุกครั้งที่มีการแก้ไข
A3: จำนวนครั้งที่ส่งตรวจ | B3: Done | C3: Pending | D3: % Done | E3: COA ครบ (Yes)
A4: =COUNTA(บันทึก!$C$5:$C$1004) | B4: =COUNTIF(บันทึก!$J$5:$J$1004,"Done") | C4: =COUNTIF(บันทึก!$J$5:$J$1004,"Pending") | D4: =IF(A4=0,0,B4/A4) | E4: =COUNTIF(บันทึก!$K$5:$K$1004,"Yes") | F4: =COUNTIF(บันทึก!$K$5:$K$1004,"Yes")
A6: ชื่อสินค้า | B6: SKU | C6: หมวด | D6: จำนวนครั้ง ที่ส่งตรวจ | E6: รวมที่มา | F6: รวมที่ส่งตรวจ | G6: หน่วย | H6: Done | I6: Pending | J6: COA (Yes) | K6: % Done | L6: ส่งล่าสุด
A7: =IF(สินค้า!B5="","",สินค้า!B5) | B7: =IF($A7="","",สินค้า!A5) | C7: =IF($A7="","",สินค้า!C5) | D7: =IF($A7="","",COUNTIF(บันทึก!$C$5:$C$1004,$A7)) | E7: =IF($A7="","",SUMIFS(บันทึก!$G$5:$G$1004,บันทึก!$C$5:$C$1004,$A7)) | F7: =IF($A7="","",SUMIFS(บันทึก!$H$5:$H$1004,บันทึก!$C$5:$C$1004,$A7)) | G7: =IF($A7="","",สินค้า!D5) | H7: =IF($A7="","",COUNTIFS(บันทึก!$C$5:$C$1004,$A7,บันทึก!$J$5:$J$1004,"Done")) | I7: =IF($A7="","",COUNTIFS(บันทึก!$C$5:$C$1004,$A7,บันทึก!$J$5:$J$1004,"Pending")) | J7: =IF($A7="","",COUNTIFS(บันทึก!$C$5:$C$1004,$A7,บันทึก!$K$5:$K$1004,"Yes")) | K7: =IF(OR($A7="",D7=0),"",H7/D7) | L7: =IF(OR($A7="",D7=0),"",MAXIFS(บันทึก!$A$5:$A$1004,บันทึก!$C$5:$C$1004,$A7))
A8: =IF(สินค้า!B6="","",สินค้า!B6) | B8: =IF($A8="","",สินค้า!A6) | C8: =IF($A8="","",สินค้า!C6) | D8: =IF($A8="","",COUNTIF(บันทึก!$C$5:$C$1004,$A8)) | E8: =IF($A8="","",SUMIFS(บันทึก!$G$5:$G$1004,บันทึก!$C$5:$C$1004,$A8)) | F8: =IF($A8="","",SUMIFS(บันทึก!$H$5:$H$1004,บันทึก!$C$5:$C$1004,$A8)) | G8: =IF($A8="","",สินค้า!D6) | H8: =IF($A8="","",COUNTIFS(บันทึก!$C$5:$C$1004,$A8,บันทึก!$J$5:$J$1004,"Done")) | I8: =IF($A8="","",COUNTIFS(บันทึก!$C$5:$C$1004,$A8,บันทึก!$J$5:$J$1004,"Pending")) | J8: =IF($A8="","",COUNTIFS(บันทึก!$C$5:$C$1004,$A8,บันทึก!$K$5:$K$1004,"Yes")) | K8: =IF(OR($A8="",D8=0),"",H8/D8) | L8: =IF(OR($A8="",D8=0),"",MAXIFS(บันทึก!$A$5:$A$1004,บันทึก!$C$5:$C$1004,$A8))
A9: =IF(สินค้า!B7="","",สินค้า!B7) | B9: =IF($A9="","",สินค้า!A7) | C9: =IF($A9="","",สินค้า!C7) | D9: =IF($A9="","",COUNTIF(บันทึก!$C$5:$C$1004,$A9)) | E9: =IF($A9="","",SUMIFS(บันทึก!$G$5:$G$1004,บันทึก!$C$5:$C$1004,$A9)) | F9: =IF($A9="","",SUMIFS(บันทึก!$H$5:$H$1004,บันทึก!$C$5:$C$1004,$A9)) | G9: =IF($A9="","",สินค้า!D7) | H9: =IF($A9="","",COUNTIFS(บันทึก!$C$5:$C$1004,$A9,บันทึก!$J$5:$J$1004,"Done")) | I9: =IF($A9="","",COUNTIFS(บันทึก!$C$5:$C$1004,$A9,บันทึก!$J$5:$J$1004,"Pending")) | J9: =IF($A9="","",COUNTIFS(บันทึก!$C$5:$C$1004,$A9,บันทึก!$K$5:$K$1004,"Yes")) | K9: =IF(OR($A9="",D9=0),"",H9/D9) | L9: =IF(OR($A9="",D9=0),"",MAXIFS(บันทึก!$A$5:$A$1004,บันทึก!$C$5:$C$1004,$A9))
A10: =IF(สินค้า!B8="","",สินค้า!B8) | B10: =IF($A10="","",สินค้า!A8) | C10: =IF($A10="","",สินค้า!C8) | D10: =IF($A10="","",COUNTIF(บันทึก!$C$5:$C$1004,$A10)) | E10: =IF($A10="","",SUMIFS(บันทึก!$G$5:$G$1004,บันทึก!$C$5:$C$1004,$A10)) | F10: =IF($A10="","",SUMIFS(บันทึก!$H$5:$H$1004,บันทึก!$C$5:$C$1004,$A10)) | G10: =IF($A10="","",สินค้า!D8) | H10: =IF($A10="","",COUNTIFS(บันทึก!$C$5:$C$1004,$A10,บันทึก!$J$5:$J$1004,"Done")) | I10: =IF($A10="","",COUNTIFS(บันทึก!$C$5:$C$1004,$A10,บันทึก!$J$5:$J$1004,"Pending")) | J10: =IF($A10="","",COUNTIFS(บันทึก!$C$5:$C$1004,$A10,บันทึก!$K$5:$K$1004,"Yes")) | K10: =IF(OR($A10="",D10=0),"",H10/D10) | L10: =IF(OR($A10="",D10=0),"",MAXIFS(บันทึก!$A$5:$A$1004,บันทึก!$C$5:$C$1004,$A10))
A11: =IF(สินค้า!B9="","",สินค้า!B9) | B11: =IF($A11="","",สินค้า!A9) | C11: =IF($A11="","",สินค้า!C9) | D11: =IF($A11="","",COUNTIF(บันทึก!$C$5:$C$1004,$A11)) | E11: =IF($A11="","",SUMIFS(บันทึก!$G$5:$G$1004,บันทึก!$C$5:$C$1004,$A11)) | F11: =IF($A11="","",SUMIFS(บันทึก!$H$5:$H$1004,บันทึก!$C$5:$C$1004,$A11)) | G11: =IF($A11="","",สินค้า!D9) | H11: =IF($A11="","",COUNTIFS(บันทึก!$C$5:$C$1004,$A11,บันทึก!$J$5:$J$1004,"Done")) | I11: =IF($A11="","",COUNTIFS(บันทึก!$C$5:$C$1004,$A11,บันทึก!$J$5:$J$1004,"Pending")) | J11: =IF($A11="","",COUNTIFS(บันทึก!$C$5:$C$1004,$A11,บันทึก!$K$5:$K$1004,"Yes")) | K11: =IF(OR($A11="",D11=0),"",H11/D11) | L11: =IF(OR($A11="",D11=0),"",MAXIFS(บันทึก!$A$5:$A$1004,บันทึก!$C$5:$C$1004,$A11))
A12: =IF(สินค้า!B10="","",สินค้า!B10) | B12: =IF($A12="","",สินค้า!A10) | C12: =IF($A12="","",สินค้า!C10) | D12: =IF($A12="","",COUNTIF(บันทึก!$C$5:$C$1004,$A12)) | E12: =IF($A12="","",SUMIFS(บันทึก!$G$5:$G$1004,บันทึก!$C$5:$C$1004,$A12)) | F12: =IF($A12="","",SUMIFS(บันทึก!$H$5:$H$1004,บันทึก!$C$5:$C$1004,$A12)) | G12: =IF($A12="","",สินค้า!D10) | H12: =IF($A12="","",COUNTIFS(บันทึก!$C$5:$C$1004,$A12,บันทึก!$J$5:$J$1004,"Done")) | I12: =IF($A12="","",COUNTIFS(บันทึก!$C$5:$C$1004,$A12,บันทึก!$J$5:$J$1004,"Pending")) | J12: =IF($A12="","",COUNTIFS(บันทึก!$C$5:$C$1004,$A12,บันทึก!$K$5:$K$1004,"Yes")) | K12: =IF(OR($A12="",D12=0),"",H12/D12) | L12: =IF(OR($A12="",D12=0),"",MAXIFS(บันทึก!$A$5:$A$1004,บันทึก!$C$5:$C$1004,$A12))
A13: =IF(สินค้า!B11="","",สินค้า!B11) | B13: =IF($A13="","",สินค้า!A11) | C13: =IF($A13="","",สินค้า!C11) | D13: =IF($A13="","",COUNTIF(บันทึก!$C$5:$C$1004,$A13)) | E13: =IF($A13="","",SUMIFS(บันทึก!$G$5:$G$1004,บันทึก!$C$5:$C$1004,$A13)) | F13: =IF($A13="","",SUMIFS(บันทึก!$H$5:$H$1004,บันทึก!$C$5:$C$1004,$A13)) | G13: =IF($A13="","",สินค้า!D11) | H13: =IF($A13="","",COUNTIFS(บันทึก!$C$5:$C$1004,$A13,บันทึก!$J$5:$J$1004,"Done")) | I13: =IF($A13="","",COUNTIFS(บันทึก!$C$5:$C$1004,$A13,บันทึก!$J$5:$J$1004,"Pending")) | J13: =IF($A13="","",COUNTIFS(บันทึก!$C$5:$C$1004,$A13,บันทึก!$K$5:$K$1004,"Yes")) | K13: =IF(OR($A13="",D13=0),"",H13/D13) | L13: =IF(OR($A13="",D13=0),"",MAXIFS(บันทึก!$A$5:$A$1004,บันทึก!$C$5:$C$1004,$A13))
A14: =IF(สินค้า!B12="","",สินค้า!B12) | B14: =IF($A14="","",สินค้า!A12) | C14: =IF($A14="","",สินค้า!C12) | D14: =IF($A14="","",COUNTIF(บันทึก!$C$5:$C$1004,$A14)) | E14: =IF($A14="","",SUMIFS(บันทึก!$G$5:$G$1004,บันทึก!$C$5:$C$1004,$A14)) | F14: =IF($A14="","",SUMIFS(บันทึก!$H$5:$H$1004,บันทึก!$C$5:$C$1004,$A14)) | G14: =IF($A14="","",สินค้า!D12) | H14: =IF($A14="","",COUNTIFS(บันทึก!$C$5:$C$1004,$A14,บันทึก!$J$5:$J$1004,"Done")) | I14: =IF($A14="","",COUNTIFS(บันทึก!$C$5:$C$1004,$A14,บันทึก!$J$5:$J$1004,"Pending")) | J14: =IF($A14="","",COUNTIFS(บันทึก!$C$5:$C$1004,$A14,บันทึก!$K$5:$K$1004,"Yes")) | K14: =IF(OR($A14="",D14=0),"",H14/D14) | L14: =IF(OR($A14="",D14=0),"",MAXIFS(บันทึก!$A$5:$A$1004,บันทึก!$C$5:$C$1004,$A14))
A15: =IF(สินค้า!B13="","",สินค้า!B13) | B15: =IF($A15="","",สินค้า!A13) | C15: =IF($A15="","",สินค้า!C13) | D15: =IF($A15="","",COUNTIF(บันทึก!$C$5:$C$1004,$A15)) | E15: =IF($A15="","",SUMIFS(บันทึก!$G$5:$G$1004,บันทึก!$C$5:$C$1004,$A15)) | F15: =IF($A15="","",SUMIFS(บันทึก!$H$5:$H$1004,บันทึก!$C$5:$C$1004,$A15)) | G15: =IF($A15="","",สินค้า!D13) | H15: =IF($A15="","",COUNTIFS(บันทึก!$C$5:$C$1004,$A15,บันทึก!$J$5:$J$1004,"Done")) | I15: =IF($A15="","",COUNTIFS(บันทึก!$C$5:$C$1004,$A15,บันทึก!$J$5:$J$1004,"Pending")) | J15: =IF($A15="","",COUNTIFS(บันทึก!$C$5:$C$1004,$A15,บันทึก!$K$5:$K$1004,"Yes")) | K15: =IF(OR($A15="",D15=0),"",H15/D15) | L15: =IF(OR($A15="",D15=0),"",MAXIFS(บันทึก!$A$5:$A$1004,บันทึก!$C$5:$C$1004,$A15))
A16: =IF(สินค้า!B14="","",สินค้า!B14) | B16: =IF($A16="","",สินค้า!A14) | C16: =IF($A16="","",สินค้า!C14) | D16: =IF($A16="","",COUNTIF(บันทึก!$C$5:$C$1004,$A16)) | E16: =IF($A16="","",SUMIFS(บันทึก!$G$5:$G$1004,บันทึก!$C$5:$C$1004,$A16)) | F16: =IF($A16="","",SUMIFS(บันทึก!$H$5:$H$1004,บันทึก!$C$5:$C$1004,$A16)) | G16: =IF($A16="","",สินค้า!D14) | H16: =IF($A16="","",COUNTIFS(บันทึก!$C$5:$C$1004,$A16,บันทึก!$J$5:$J$1004,"Done")) | I16: =IF($A16="","",COUNTIFS(บันทึก!$C$5:$C$1004,$A16,บันทึก!$J$5:$J$1004,"Pending")) | J16: =IF($A16="","",COUNTIFS(บันทึก!$C$5:$C$1004,$A16,บันทึก!$K$5:$K$1004,"Yes")) | K16: =IF(OR($A16="",D16=0),"",H16/D16) | L16: =IF(OR($A16="",D16=0),"",MAXIFS(บันทึก!$A$5:$A$1004,บันทึก!$C$5:$C$1004,$A16))
A17: =IF(สินค้า!B15="","",สินค้า!B15) | B17: =IF($A17="","",สินค้า!A15) | C17: =IF($A17="","",สินค้า!C15) | D17: =IF($A17="","",COUNTIF(บันทึก!$C$5:$C$1004,$A17)) | E17: =IF($A17="","",SUMIFS(บันทึก!$G$5:$G$1004,บันทึก!$C$5:$C$1004,$A17)) | F17: =IF($A17="","",SUMIFS(บันทึก!$H$5:$H$1004,บันทึก!$C$5:$C$1004,$A17)) | G17: =IF($A17="","",สินค้า!D15) | H17: =IF($A17="","",COUNTIFS(บันทึก!$C$5:$C$1004,$A17,บันทึก!$J$5:$J$1004,"Done")) | I17: =IF($A17="","",COUNTIFS(บันทึก!$C$5:$C$1004,$A17,บันทึก!$J$5:$J$1004,"Pending")) | J17: =IF($A17="","",COUNTIFS(บันทึก!$C$5:$C$1004,$A17,บันทึก!$K$5:$K$1004,"Yes")) | K17: =IF(OR($A17="",D17=0),"",H17/D17) | L17: =IF(OR($A17="",D17=0),"",MAXIFS(บันทึก!$A$5:$A$1004,บันทึก!$C$5:$C$1004,$A17))
A18: =IF(สินค้า!B16="","",สินค้า!B16) | B18: =IF($A18="","",สินค้า!A16) | C18: =IF($A18="","",สินค้า!C16) | D18: =IF($A18="","",COUNTIF(บันทึก!$C$5:$C$1004,$A18)) | E18: =IF($A18="","",SUMIFS(บันทึก!$G$5:$G$1004,บันทึก!$C$5:$C$1004,$A18)) | F18: =IF($A18="","",SUMIFS(บันทึก!$H$5:$H$1004,บันทึก!$C$5:$C$1004,$A18)) | G18: =IF($A18="","",สินค้า!D16) | H18: =IF($A18="","",COUNTIFS(บันทึก!$C$5:$C$1004,$A18,บันทึก!$J$5:$J$1004,"Done")) | I18: =IF($A18="","",COUNTIFS(บันทึก!$C$5:$C$1004,$A18,บันทึก!$J$5:$J$1004,"Pending")) | J18: =IF($A18="","",COUNTIFS(บันทึก!$C$5:$C$1004,$A18,บันทึก!$K$5:$K$1004,"Yes")) | K18: =IF(OR($A18="",D18=0),"",H18/D18) | L18: =IF(OR($A18="",D18=0),"",MAXIFS(บันทึก!$A$5:$A$1004,บันทึก!$C$5:$C$1004,$A18))
... A206: =IF(สินค้า!B204="","",สินค้า!B204) | B206: =IF($A206="","",สินค้า!A204) | C206: =IF($A206="","",สินค้า!C204) | D206: =IF($A206="","",COUNTIF(บันทึก!$C$5:$C$1004,$A206)) | E206: =IF($A206="","",SUMIFS(บันทึก!$G$5:$G$1004,บันทึก!$C$5:$C$1004,$A206)) | F206: =IF($A206="","",SUMIFS(บันทึก!$H$5:$H$1004,บันทึก!$C$5:$C$1004,$A206)) | G206: =IF($A206="","",สินค้า!D204) | H206: =IF($A206="","",COUNTIFS(บันทึก!$C$5:$C$1004,$A206,บันทึก!$J$5:$J$1004,"Done")) | I206: =IF($A206="","",COUNTIFS(บันทึก!$C$5:$C$1004,$A206,บันทึก!$J$5:$J$1004,"Pending")) | J206: =IF($A206="","",COUNTIFS(บันทึก!$C$5:$C$1004,$A206,บันทึก!$K$5:$K$1004,"Yes")) | K206: =IF(OR($A206="",D206=0),"",H206/D206) | L206: =IF(OR($A206="",D206=0),"",MAXIFS(บันทึก!$A$5:$A$1004,บันทึก!$C$5:$C$1004,$A206))
A207: รวมทั้งหมด | D207: =SUM(D7:D206) | E207: =SUM(E7:E206) | F207: =SUM(F7:F206) | H207: =SUM(H7:H206) | I207: =SUM(I7:I206) | J207: =SUM(J7:J206)

Sheet สรุปรายเดือน
A1: สรุปรายเดือน (อัตโนมัติ)
A2: เปลี่ยนปีที่ช่อง B3 ได้
A3: ปี (ค.ศ.) | B3: 2026
A5: เดือน | B5: จำนวนครั้ง | C5: Done | D5: Pending | E5: รวมที่ส่งตรวจ
A6: =TEXT(DATE($B$3,1,1),"yyyy-mm") | B6: =COUNTIF(บันทึก!$L$5:$L$1004,$A6) | C6: =COUNTIFS(บันทึก!$L$5:$L$1004,$A6,บันทึก!$J$5:$J$1004,"Done") | D6: =COUNTIFS(บันทึก!$L$5:$L$1004,$A6,บันทึก!$J$5:$J$1004,"Pending") | E6: =SUMIFS(บันทึก!$H$5:$H$1004,บันทึก!$L$5:$L$1004,$A6)
A7: =TEXT(DATE($B$3,2,1),"yyyy-mm") | B7: =COUNTIF(บันทึก!$L$5:$L$1004,$A7) | C7: =COUNTIFS(บันทึก!$L$5:$L$1004,$A7,บันทึก!$J$5:$J$1004,"Done") | D7: =COUNTIFS(บันทึก!$L$5:$L$1004,$A7,บันทึก!$J$5:$J$1004,"Pending") | E7: =SUMIFS(บันทึก!$H$5:$H$1004,บันทึก!$L$5:$L$1004,$A7)
A8: =TEXT(DATE($B$3,3,1),"yyyy-mm") | B8: =COUNTIF(บันทึก!$L$5:$L$1004,$A8) | C8: =COUNTIFS(บันทึก!$L$5:$L$1004,$A8,บันทึก!$J$5:$J$1004,"Done") | D8: =COUNTIFS(บันทึก!$L$5:$L$1004,$A8,บันทึก!$J$5:$J$1004,"Pending") | E8: =SUMIFS(บันทึก!$H$5:$H$1004,บันทึก!$L$5:$L$1004,$A8)
A9: =TEXT(DATE($B$3,4,1),"yyyy-mm") | B9: =COUNTIF(บันทึก!$L$5:$L$1004,$A9) | C9: =COUNTIFS(บันทึก!$L$5:$L$1004,$A9,บันทึก!$J$5:$J$1004,"Done") | D9: =COUNTIFS(บันทึก!$L$5:$L$1004,$A9,บันทึก!$J$5:$J$1004,"Pending") | E9: =SUMIFS(บันทึก!$H$5:$H$1004,บันทึก!$L$5:$L$1004,$A9)
A10: =TEXT(DATE($B$3,5,1),"yyyy-mm") | B10: =COUNTIF(บันทึก!$L$5:$L$1004,$A10) | C10: =COUNTIFS(บันทึก!$L$5:$L$1004,$A10,บันทึก!$J$5:$J$1004,"Done") | D10: =COUNTIFS(บันทึก!$L$5:$L$1004,$A10,บันทึก!$J$5:$J$1004,"Pending") | E10: =SUMIFS(บันทึก!$H$5:$H$1004,บันทึก!$L$5:$L$1004,$A10)
A11: =TEXT(DATE($B$3,6,1),"yyyy-mm") | B11: =COUNTIF(บันทึก!$L$5:$L$1004,$A11) | C11: =COUNTIFS(บันทึก!$L$5:$L$1004,$A11,บันทึก!$J$5:$J$1004,"Done") | D11: =COUNTIFS(บันทึก!$L$5:$L$1004,$A11,บันทึก!$J$5:$J$1004,"Pending") | E11: =SUMIFS(บันทึก!$H$5:$H$1004,บันทึก!$L$5:$L$1004,$A11)
A12: =TEXT(DATE($B$3,7,1),"yyyy-mm") | B12: =COUNTIF(บันทึก!$L$5:$L$1004,$A12) | C12: =COUNTIFS(บันทึก!$L$5:$L$1004,$A12,บันทึก!$J$5:$J$1004,"Done") | D12: =COUNTIFS(บันทึก!$L$5:$L$1004,$A12,บันทึก!$J$5:$J$1004,"Pending") | E12: =SUMIFS(บันทึก!$H$5:$H$1004,บันทึก!$L$5:$L$1004,$A12)
A13: =TEXT(DATE($B$3,8,1),"yyyy-mm") | B13: =COUNTIF(บันทึก!$L$5:$L$1004,$A13) | C13: =COUNTIFS(บันทึก!$L$5:$L$1004,$A13,บันทึก!$J$5:$J$1004,"Done") | D13: =COUNTIFS(บันทึก!$L$5:$L$1004,$A13,บันทึก!$J$5:$J$1004,"Pending") | E13: =SUMIFS(บันทึก!$H$5:$H$1004,บันทึก!$L$5:$L$1004,$A13)
A14: =TEXT(DATE($B$3,9,1),"yyyy-mm") | B14: =COUNTIF(บันทึก!$L$5:$L$1004,$A14) | C14: =COUNTIFS(บันทึก!$L$5:$L$1004,$A14,บันทึก!$J$5:$J$1004,"Done") | D14: =COUNTIFS(บันทึก!$L$5:$L$1004,$A14,บันทึก!$J$5:$J$1004,"Pending") | E14: =SUMIFS(บันทึก!$H$5:$H$1004,บันทึก!$L$5:$L$1004,$A14)
A15: =TEXT(DATE($B$3,10,1),"yyyy-mm") | B15: =COUNTIF(บันทึก!$L$5:$L$1004,$A15) | C15: =COUNTIFS(บันทึก!$L$5:$L$1004,$A15,บันทึก!$J$5:$J$1004,"Done") | D15: =COUNTIFS(บันทึก!$L$5:$L$1004,$A15,บันทึก!$J$5:$J$1004,"Pending") | E15: =SUMIFS(บันทึก!$H$5:$H$1004,บันทึก!$L$5:$L$1004,$A15)
A16: =TEXT(DATE($B$3,11,1),"yyyy-mm") | B16: =COUNTIF(บันทึก!$L$5:$L$1004,$A16) | C16: =COUNTIFS(บันทึก!$L$5:$L$1004,$A16,บันทึก!$J$5:$J$1004,"Done") | D16: =COUNTIFS(บันทึก!$L$5:$L$1004,$A16,บันทึก!$J$5:$J$1004,"Pending") | E16: =SUMIFS(บันทึก!$H$5:$H$1004,บันทึก!$L$5:$L$1004,$A16)
A17: =TEXT(DATE($B$3,12,1),"yyyy-mm") | B17: =COUNTIF(บันทึก!$L$5:$L$1004,$A17) | C17: =COUNTIFS(บันทึก!$L$5:$L$1004,$A17,บันทึก!$J$5:$J$1004,"Done") | D17: =COUNTIFS(บันทึก!$L$5:$L$1004,$A17,บันทึก!$J$5:$J$1004,"Pending") | E17: =SUMIFS(บันทึก!$H$5:$H$1004,บันทึก!$L$5:$L$1004,$A17)
A18: รวม | B18: =SUM(B6:B17) | C18: =SUM(C6:C17) | D18: =SUM(D6:D17) | E18: =SUM(E6:E17)

Sheet สินค้า
A1: ทะเบียนสินค้า (Master)
A2: กรอกเฉพาะช่องสีเหลือง — เพิ่มสินค้าใหม่ที่นี่ แล้วชื่อจะขึ้นใน dropdown และตารางสรุปอัตโนมัติ
A4: SKU | B4: ชื่อสินค้า | C4: หมวด | D4: หน่วย
A5: SZ-1000032688 | B5: VEG-FROZEN BROCCOLI-1KG/BAG-10BAG/CASE | C5: Veg | D5: BAG
A6: SZ-1000031958 | B6: FRENCH FRIES-XLF 10MM SKIN OFF-2.5 KG/BAG-5BAG/CASE | C6: Potato | D6: CS
A7: SZ-1000037051 | B7: HASH BROWN-1KG/BAG-10BAG/CASE-CASE | C7: Potato | D7: CS

Sheet บันทึก
A1: บันทึกการส่งตรวจ
A2: เลือกชื่อสินค้าจาก dropdown (ช่องเหลือง) → ช่องฟ้าคำนวณเองทั้งหมด
A4: วันที่ส่ง | B4: PO | C4: ชื่อสินค้า | D4: SKU (auto) | E4: หมวด (auto) | F4: หน่วย (auto) | G4: จำนวนที่มาทั้งหมด | H4: จำนวนที่ส่งตรวจ | I4: % ที่สุ่มตรวจ (auto) | J4: สถานะ QA | K4: COA | L4: เดือน (auto) | M4: วันที่ค้าง (auto)
A5: 46028 | B5: C102-00003267 | C5: VEG-FROZEN BROCCOLI-1KG/BAG-10BAG/CASE | D5: =IF($C5="","",IFERROR(INDEX(สินค้า!$A$5:$A$204,MATCH($C5,สินค้า!$B$5:$B$204,0)),"ไม่พบสินค้า")) | E5: =IF($C5="","",IFERROR(INDEX(สินค้า!$C$5:$C$204,MATCH($C5,สินค้า!$B$5:$B$204,0)),"ไม่พบสินค้า")) | F5: =IF($C5="","",IFERROR(INDEX(สินค้า!$D$5:$D$204,MATCH($C5,สินค้า!$B$5:$B$204,0)),"ไม่พบสินค้า")) | G5: 7700 | H5: 10 | I5: =IF(AND(ISNUMBER(G5),ISNUMBER(H5),G5>0),H5/G5,"") | J5: Done | K5: Yes | L5: =IF(A5="","",TEXT(A5,"yyyy-mm")) | M5: =IF(AND(A5<>"",J5="Pending"),TODAY()-A5,"")
A6: 46029 | B6: F106-00073060 | C6: FRENCH FRIES-XLF 10MM SKIN OFF-2.5 KG/BAG-5BAG/CASE | D6: =IF($C6="","",IFERROR(INDEX(สินค้า!$A$5:$A$204,MATCH($C6,สินค้า!$B$5:$B$204,0)),"ไม่พบสินค้า")) | E6: =IF($C6="","",IFERROR(INDEX(สินค้า!$C$5:$C$204,MATCH($C6,สินค้า!$B$5:$B$204,0)),"ไม่พบสินค้า")) | F6: =IF($C6="","",IFERROR(INDEX(สินค้า!$D$5:$D$204,MATCH($C6,สินค้า!$B$5:$B$204,0)),"ไม่พบสินค้า")) | G6: 1820 | H6: 3 | I6: =IF(AND(ISNUMBER(G6),ISNUMBER(H6),G6>0),H6/G6,"") | J6: Done | K6: Yes | L6: =IF(A6="","",TEXT(A6,"yyyy-mm")) | M6: =IF(AND(A6<>"",J6="Pending"),TODAY()-A6,"")
A7: 46056 | B7: F106-00074001 | C7: FRENCH FRIES-XLF 10MM SKIN OFF-2.5 KG/BAG-5BAG/CASE | D7: =IF($C7="","",IFERROR(INDEX(สินค้า!$A$5:$A$204,MATCH($C7,สินค้า!$B$5:$B$204,0)),"ไม่พบสินค้า")) | E7: =IF($C7="","",IFERROR(INDEX(สินค้า!$C$5:$C$204,MATCH($C7,สินค้า!$B$5:$B$204,0)),"ไม่พบสินค้า")) | F7: =IF($C7="","",IFERROR(INDEX(สินค้า!$D$5:$D$204,MATCH($C7,สินค้า!$B$5:$B$204,0)),"ไม่พบสินค้า")) | G7: 900 | H7: 1 | I7: =IF(AND(ISNUMBER(G7),ISNUMBER(H7),G7>0),H7/G7,"") | J7: Pending | K7: No | L7: =IF(A7="","",TEXT(A7,"yyyy-mm")) | M7: =IF(AND(A7<>"",J7="Pending"),TODAY()-A7,"")
A8: 46063 | B8: H101-00005511 | C8: HASH BROWN-1KG/BAG-10BAG/CASE-CASE | D8: =IF($C8="","",IFERROR(INDEX(สินค้า!$A$5:$A$204,MATCH($C8,สินค้า!$B$5:$B$204,0)),"ไม่พบสินค้า")) | E8: =IF($C8="","",IFERROR(INDEX(สินค้า!$C$5:$C$204,MATCH($C8,สินค้า!$B$5:$B$204,0)),"ไม่พบสินค้า")) | F8: =IF($C8="","",IFERROR(INDEX(สินค้า!$D$5:$D$204,MATCH($C8,สินค้า!$B$5:$B$204,0)),"ไม่พบสินค้า")) | G8: 2000 | H8: 2 | I8: =IF(AND(ISNUMBER(G8),ISNUMBER(H8),G8>0),H8/G8,"") | J8: Pending | K8: No | L8: =IF(A8="","",TEXT(A8,"yyyy-mm")) | M8: =IF(AND(A8<>"",J8="Pending"),TODAY()-A8,"")
D9: =IF($C9="","",IFERROR(INDEX(สินค้า!$A$5:$A$204,MATCH($C9,สินค้า!$B$5:$B$204,0)),"ไม่พบสินค้า")) | E9: =IF($C9="","",IFERROR(INDEX(สินค้า!$C$5:$C$204,MATCH($C9,สินค้า!$B$5:$B$204,0)),"ไม่พบสินค้า")) | F9: =IF($C9="","",IFERROR(INDEX(สินค้า!$D$5:$D$204,MATCH($C9,สินค้า!$B$5:$B$204,0)),"ไม่พบสินค้า")) | I9: =IF(AND(ISNUMBER(G9),ISNUMBER(H9),G9>0),H9/G9,"") | L9: =IF(A9="","",TEXT(A9,"yyyy-mm")) | M9: =IF(AND(A9<>"",J9="Pending"),TODAY()-A9,"")
D10: =IF($C10="","",IFERROR(INDEX(สินค้า!$A$5:$A$204,MATCH($C10,สินค้า!$B$5:$B$204,0)),"ไม่พบสินค้า")) | E10: =IF($C10="","",IFERROR(INDEX(สินค้า!$C$5:$C$204,MATCH($C10,สินค้า!$B$5:$B$204,0)),"ไม่พบสินค้า")) | F10: =IF($C10="","",IFERROR(INDEX(สินค้า!$D$5:$D$204,MATCH($C10,สินค้า!$B$5:$B$204,0)),"ไม่พบสินค้า")) | I10: =IF(AND(ISNUMBER(G10),ISNUMBER(H10),G10>0),H10/G10,"") | L10: =IF(A10="","",TEXT(A10,"yyyy-mm")) | M10: =IF(AND(A10<>"",J10="Pending"),TODAY()-A10,"")
D11: =IF($C11="","",IFERROR(INDEX(สินค้า!$A$5:$A$204,MATCH($C11,สินค้า!$B$5:$B$204,0)),"ไม่พบสินค้า")) | E11: =IF($C11="","",IFERROR(INDEX(สินค้า!$C$5:$C$204,MATCH($C11,สินค้า!$B$5:$B$204,0)),"ไม่พบสินค้า")) | F11: =IF($C11="","",IFERROR(INDEX(สินค้า!$D$5:$D$204,MATCH($C11,สินค้า!$B$5:$B$204,0)),"ไม่พบสินค้า")) | I11: =IF(AND(ISNUMBER(G11),ISNUMBER(H11),G11>0),H11/G11,"") | L11: =IF(A11="","",TEXT(A11,"yyyy-mm")) | M11: =IF(AND(A11<>"",J11="Pending"),TODAY()-A11,"")
D12: =IF($C12="","",IFERROR(INDEX(สินค้า!$A$5:$A$204,MATCH($C12,สินค้า!$B$5:$B$204,0)),"ไม่พบสินค้า")) | E12: =IF($C12="","",IFERROR(INDEX(สินค้า!$C$5:$C$204,MATCH($C12,สินค้า!$B$5:$B$204,0)),"ไม่พบสินค้า")) | F12: =IF($C12="","",IFERROR(INDEX(สินค้า!$D$5:$D$204,MATCH($C12,สินค้า!$B$5:$B$204,0)),"ไม่พบสินค้า")) | I12: =IF(AND(ISNUMBER(G12),ISNUMBER(H12),G12>0),H12/G12,"") | L12: =IF(A12="","",TEXT(A12,"yyyy-mm")) | M12: =IF(AND(A12<>"",J12="Pending"),TODAY()-A12,"")
D13: =IF($C13="","",IFERROR(INDEX(สินค้า!$A$5:$A$204,MATCH($C13,สินค้า!$B$5:$B$204,0)),"ไม่พบสินค้า")) | E13: =IF($C13="","",IFERROR(INDEX(สินค้า!$C$5:$C$204,MATCH($C13,สินค้า!$B$5:$B$204,0)),"ไม่พบสินค้า")) | F13: =IF($C13="","",IFERROR(INDEX(สินค้า!$D$5:$D$204,MATCH($C13,สินค้า!$B$5:$B$204,0)),"ไม่พบสินค้า")) | I13: =IF(AND(ISNUMBER(G13),ISNUMBER(H13),G13>0),H13/G13,"") | L13: =IF(A13="","",TEXT(A13,"yyyy-mm")) | M13: =IF(AND(A13<>"",J13="Pending"),TODAY()-A13,"")
D14: =IF($C14="","",IFERROR(INDEX(สินค้า!$A$5:$A$204,MATCH($C14,สินค้า!$B$5:$B$204,0)),"ไม่พบสินค้า")) | E14: =IF($C14="","",IFERROR(INDEX(สินค้า!$C$5:$C$204,MATCH($C14,สินค้า!$B$5:$B$204,0)),"ไม่พบสินค้า")) | F14: =IF($C14="","",IFERROR(INDEX(สินค้า!$D$5:$D$204,MATCH($C14,สินค้า!$B$5:$B$204,0)),"ไม่พบสินค้า")) | I14: =IF(AND(ISNUMBER(G14),ISNUMBER(H14),G14>0),H14/G14,"") | L14: =IF(A14="","",TEXT(A14,"yyyy-mm")) | M14: =IF(AND(A14<>"",J14="Pending"),TODAY()-A14,"")
D15: =IF($C15="","",IFERROR(INDEX(สินค้า!$A$5:$A$204,MATCH($C15,สินค้า!$B$5:$B$204,0)),"ไม่พบสินค้า")) | E15: =IF($C15="","",IFERROR(INDEX(สินค้า!$C$5:$C$204,MATCH($C15,สินค้า!$B$5:$B$204,0)),"ไม่พบสินค้า")) | F15: =IF($C15="","",IFERROR(INDEX(สินค้า!$D$5:$D$204,MATCH($C15,สินค้า!$B$5:$B$204,0)),"ไม่พบสินค้า")) | I15: =IF(AND(ISNUMBER(G15),ISNUMBER(H15),G15>0),H15/G15,"") | L15: =IF(A15="","",TEXT(A15,"yyyy-mm")) | M15: =IF(AND(A15<>"",J15="Pending"),TODAY()-A15,"")
D16: =IF($C16="","",IFERROR(INDEX(สินค้า!$A$5:$A$204,MATCH($C16,สินค้า!$B$5:$B$204,0)),"ไม่พบสินค้า")) | E16: =IF($C16="","",IFERROR(INDEX(สินค้า!$C$5:$C$204,MATCH($C16,สินค้า!$B$5:$B$204,0)),"ไม่พบสินค้า")) | F16: =IF($C16="","",IFERROR(INDEX(สินค้า!$D$5:$D$204,MATCH($C16,สินค้า!$B$5:$B$204,0)),"ไม่พบสินค้า")) | I16: =IF(AND(ISNUMBER(G16),ISNUMBER(H16),G16>0),H16/G16,"") | L16: =IF(A16="","",TEXT(A16,"yyyy-mm")) | M16: =IF(AND(A16<>"",J16="Pending"),TODAY()-A16,"")
D17: =IF($C17="","",IFERROR(INDEX(สินค้า!$A$5:$A$204,MATCH($C17,สินค้า!$B$5:$B$204,0)),"ไม่พบสินค้า")) | E17: =IF($C17="","",IFERROR(INDEX(สินค้า!$C$5:$C$204,MATCH($C17,สินค้า!$B$5:$B$204,0)),"ไม่พบสินค้า")) | F17: =IF($C17="","",IFERROR(INDEX(สินค้า!$D$5:$D$204,MATCH($C17,สินค้า!$B$5:$B$204,0)),"ไม่พบสินค้า")) | I17: =IF(AND(ISNUMBER(G17),ISNUMBER(H17),G17>0),H17/G17,"") | L17: =IF(A17="","",TEXT(A17,"yyyy-mm")) | M17: =IF(AND(A17<>"",J17="Pending"),TODAY()-A17,"")
D18: =IF($C18="","",IFERROR(INDEX(สินค้า!$A$5:$A$204,MATCH($C18,สินค้า!$B$5:$B$204,0)),"ไม่พบสินค้า")) | E18: =IF($C18="","",IFERROR(INDEX(สินค้า!$C$5:$C$204,MATCH($C18,สินค้า!$B$5:$B$204,0)),"ไม่พบสินค้า")) | F18: =IF($C18="","",IFERROR(INDEX(สินค้า!$D$5:$D$204,MATCH($C18,สินค้า!$B$5:$B$204,0)),"ไม่พบสินค้า")) | I18: =IF(AND(ISNUMBER(G18),ISNUMBER(H18),G18>0),H18/G18,"") | L18: =IF(A18="","",TEXT(A18,"yyyy-mm")) | M18: =IF(AND(A18<>"",J18="Pending"),TODAY()-A18,"")
D19: =IF($C19="","",IFERROR(INDEX(สินค้า!$A$5:$A$204,MATCH($C19,สินค้า!$B$5:$B$204,0)),"ไม่พบสินค้า")) | E19: =IF($C19="","",IFERROR(INDEX(สินค้า!$C$5:$C$204,MATCH($C19,สินค้า!$B$5:$B$204,0)),"ไม่พบสินค้า")) | F19: =IF($C19="","",IFERROR(INDEX(สินค้า!$D$5:$D$204,MATCH($C19,สินค้า!$B$5:$B$204,0)),"ไม่พบสินค้า")) | I19: =IF(AND(ISNUMBER(G19),ISNUMBER(H19),G19>0),H19/G19,"") | L19: =IF(A19="","",TEXT(A19,"yyyy-mm")) | M19: =IF(AND(A19<>"",J19="Pending"),TODAY()-A19,"")
D20: =IF($C20="","",IFERROR(INDEX(สินค้า!$A$5:$A$204,MATCH($C20,สินค้า!$B$5:$B$204,0)),"ไม่พบสินค้า")) | E20: =IF($C20="","",IFERROR(INDEX(สินค้า!$C$5:$C$204,MATCH($C20,สินค้า!$B$5:$B$204,0)),"ไม่พบสินค้า")) | F20: =IF($C20="","",IFERROR(INDEX(สินค้า!$D$5:$D$204,MATCH($C20,สินค้า!$B$5:$B$204,0)),"ไม่พบสินค้า")) | I20: =IF(AND(ISNUMBER(G20),ISNUMBER(H20),G20>0),H20/G20,"") | L20: =IF(A20="","",TEXT(A20,"yyyy-mm")) | M20: =IF(AND(A20<>"",J20="Pending"),TODAY()-A20,"")
... D1004: =IF($C1004="","",IFERROR(INDEX(สินค้า!$A$5:$A$204,MATCH($C1004,สินค้า!$B$5:$B$204,0)),"ไม่พบสินค้า")) | E1004: =IF($C1004="","",IFERROR(INDEX(สินค้า!$C$5:$C$204,MATCH($C1004,สินค้า!$B$5:$B$204,0)),"ไม่พบสินค้า")) | F1004: =IF($C1004="","",IFERROR(INDEX(สินค้า!$D$5:$D$204,MATCH($C1004,สินค้า!$B$5:$B$204,0)),"ไม่พบสินค้า")) | I1004: =IF(AND(ISNUMBER(G1004),ISNUMBER(H1004),G1004>0),H1004/G1004,"") | L1004: =IF(A1004="","",TEXT(A1004,"yyyy-mm")) | M1004: =IF(AND(A1004<>"",J1004="Pending"),TODAY()-A1004,"")

Sheet วิธีใช้
A1: วิธีใช้งาน
A2: 1) ชีต 'สินค้า' – ใส่ SKU / ชื่อสินค้า / หมวด / หน่วย (ช่องเหลือง) รองรับ 200 รายการ
A3: 2) ชีต 'บันทึก' – กรอกวันที่ PO เลือกชื่อสินค้าจาก dropdown ใส่จำนวน และสถานะ (SKU หมวด หน่วย % เดือน วันค้าง คำนวณเอง)
A4: 3) ชีต 'สรุป' และ 'สรุปรายเดือน' – รวมข้อมูลตามสินค้า/เดือนอัตโนมัติ ห้ามพิมพ์ทับ
A5: สูตรหลักที่ใช้: INDEX/MATCH (ดึง SKU), COUNTIFS/SUMIFS (รวม), MAXIFS (วันที่ล่าสุด), TODAY (วันที่ค้าง)
A6: ช่องสีเหลือง = กรอกเอง | ช่องสีฟ้า = สูตรอัตโนมัติ
A7: ตัวอย่างข้อมูลเป็นข้อมูลสมมติ ลบแถวตัวอย่างในชีต 'บันทึก' ก่อนใช้งานจริงได้
